{
  "configVersion": 1,
  "timestamp": 1599849499399,
  "index": "/index.html",
  "assetGroups": [
    {
      "name": "app",
      "installMode": "prefetch",
      "updateMode": "prefetch",
      "urls": [
        "/0.js",
        "/1.36b351bd0025f09f23d6.js",
        "/1.js",
        "/10.9dfc5381b71f20b8d830.js",
        "/10.js",
        "/100.9455c8d3928d16206e77.js",
        "/100.js",
        "/101.c8625668f356b64f4eaf.js",
        "/101.js",
        "/102.d02d59321c1ab1ca2770.js",
        "/102.js",
        "/103.fde17a22a15aa3dfb54f.js",
        "/103.js",
        "/104.c1ad5717bbbf60da0eb2.js",
        "/104.js",
        "/105.3795482c4bc06a63c0dd.js",
        "/105.js",
        "/106.6c0f72754799365f2e13.js",
        "/106.js",
        "/107.399bb6a0de1b8ae3af1a.js",
        "/107.js",
        "/108.21dc48eaaa8ef57298c0.js",
        "/108.js",
        "/109.9e72b01ccd2b8d175c9d.js",
        "/109.js",
        "/11.js",
        "/110.063454734d033af62608.js",
        "/110.js",
        "/111.293f9b22e16e2f04f148.js",
        "/111.js",
        "/112.87fce610d09978908658.js",
        "/112.js",
        "/113.59a14e61ce9df36f6860.js",
        "/113.js",
        "/114.409dd2c4886043dd5321.js",
        "/114.js",
        "/115.f331e732f1c7ad53ac47.js",
        "/115.js",
        "/116.08d44fc08b783b15b4da.js",
        "/116.js",
        "/117.fe2b28cfcb2faa932f65.js",
        "/117.js",
        "/118.142737723c04e6ea707c.js",
        "/118.js",
        "/119.a943d00d1df7a3832901.js",
        "/119.js",
        "/12.js",
        "/120.b3ceb4765df557e009a2.js",
        "/120.js",
        "/121.37e85e7c71cc93f5c1a1.js",
        "/121.js",
        "/122.e795a3b5ffca081eb9c2.js",
        "/122.js",
        "/123.efbd3b13898b2e004a7a.js",
        "/123.js",
        "/124.0559de0b5269e06b65d4.js",
        "/124.js",
        "/125.145beeca0803f1c6f462.js",
        "/125.js",
        "/126.4ed332e802d7b297987e.js",
        "/126.js",
        "/127.ff39fb6bbc4a1ca30813.js",
        "/127.js",
        "/128.4213222fbcf7f111db06.js",
        "/128.js",
        "/129.4e41cebd4ffbf97e95da.js",
        "/129.js",
        "/13.js",
        "/130.84ed81884a4daa6d50d2.js",
        "/130.js",
        "/131.8211c2bfb18a1abc61a7.js",
        "/131.js",
        "/132.961824e0bb9be38d22dc.js",
        "/132.js",
        "/133.2634c8760ed6e867f48e.js",
        "/133.js",
        "/134.d48e7fc828789dc6e69b.js",
        "/134.js",
        "/135.e61f199d4c0c771ad3ed.js",
        "/135.js",
        "/136.4f0e8fa685cc8b77257f.js",
        "/136.js",
        "/137.4da0ce1d583d24f8f49a.js",
        "/137.js",
        "/138.4fd93cf591546792f9f7.js",
        "/138.js",
        "/139.ec70654288f8b89a9e3f.js",
        "/139.js",
        "/14.js",
        "/140.4810bc3c1b4d81f5744e.js",
        "/140.js",
        "/141.8c0503de5edf10ce14bc.js",
        "/141.js",
        "/142.e22d7de8e55ce0663303.js",
        "/142.js",
        "/143.1d80206bfdb8db2d314a.js",
        "/143.js",
        "/144.92e152573b3b67713554.js",
        "/144.js",
        "/145.5198567b80f23e4ecd0b.js",
        "/145.js",
        "/146.ac3145d2f098f1bee00f.js",
        "/146.js",
        "/147.a609451fec38ca429473.js",
        "/147.js",
        "/148.b809f374c25875a144f5.js",
        "/148.js",
        "/149.62a3d9d9b0b70d3bb5ae.js",
        "/149.js",
        "/15.c46a13ba76208828d6b9.js",
        "/15.js",
        "/150.2010a105de225f8698c2.js",
        "/150.js",
        "/151.f70aa4e7ca65b259df85.js",
        "/151.js",
        "/152.f2e3dd511c8b8f399bf3.js",
        "/152.js",
        "/153.8c66dd9a7fe4b15062dc.js",
        "/153.js",
        "/154.f556d1f95aa26840e241.js",
        "/154.js",
        "/155.7b223b346b6b634063b1.js",
        "/155.js",
        "/156.1397ae3c103c0462603f.js",
        "/156.js",
        "/157.aa6df8a364565d5f04ca.js",
        "/157.js",
        "/158.a746abdf678c0f98afaf.js",
        "/158.js",
        "/159.a97cbbb307a5d79766e7.js",
        "/159.js",
        "/16.7956ef4787d4a921f0b5.js",
        "/16.js",
        "/160.dd30b46dc67501382475.js",
        "/160.js",
        "/161.d21fbc57cc46256fc62e.js",
        "/161.js",
        "/162.b5f07121e307e22d7d62.js",
        "/162.js",
        "/163.13139a1810a3727f2c49.js",
        "/163.js",
        "/164.76c9572ec027971b05de.js",
        "/164.js",
        "/165.fadaa3d69ec6992a0b87.js",
        "/165.js",
        "/166.c6f5587df6789c22a443.js",
        "/166.js",
        "/167.e32a4a9aa0fe4169d421.js",
        "/167.js",
        "/168.9a38abfe7db67ae8c499.js",
        "/168.js",
        "/169.25e10c56a30cd1eca8d1.js",
        "/169.js",
        "/17.fb9dfaa21a6ce50eafdd.js",
        "/17.js",
        "/170.9396d82bf43b51478013.js",
        "/170.js",
        "/171.536de38a14b27b0ce81e.js",
        "/171.js",
        "/172.ef0588c0729108654886.js",
        "/172.js",
        "/173.8a600f09e96b0ceb2630.js",
        "/174.9d3b4bab60c59b65dcfb.js",
        "/175.52b5ab4f6ff214380fca.js",
        "/176.0e72cc90d3785128946c.js",
        "/177.e4970340fbe95407ff5e.js",
        "/178.1723d718f53c125f623d.js",
        "/179.1f5e483d972ddb3c2cf5.js",
        "/18.965c68242855cc5ea3c7.js",
        "/18.js",
        "/180.5c1ebd3820f89199bad6.js",
        "/181.3dbc44091fda38c86b0b.js",
        "/182.cc42c42eab310833c770.js",
        "/19.f0872a52bd85f5b9a10d.js",
        "/19.js",
        "/2.92164f8ead411808a96b.js",
        "/2.js",
        "/20.85f103863d83c3f32a03.js",
        "/20.js",
        "/21.417bcf92e1abdfc3095c.js",
        "/21.js",
        "/22.f9ae43ea068cd8430659.js",
        "/22.js",
        "/23.3675c3ac9b699daced76.js",
        "/23.js",
        "/24.068a0440bf51dd81ee3c.js",
        "/24.js",
        "/25.22a45a7860fe2c04481f.js",
        "/25.js",
        "/26.709caa3299940ed0c80f.js",
        "/26.js",
        "/27.45ecd992fe4be83cd4c8.js",
        "/27.js",
        "/28.cc1baa760deb2fb314f1.js",
        "/28.js",
        "/29.a901d7e65663faebaddc.js",
        "/29.js",
        "/3.js",
        "/30.97786ff5f77f442f76a6.js",
        "/30.js",
        "/31.9382801b9b5152dd0982.js",
        "/31.js",
        "/32.ad068b30c3772ee2216b.js",
        "/32.js",
        "/33.6cf74ea2dcc87c4f2b08.js",
        "/33.js",
        "/34.06f34629e710dcf54035.js",
        "/34.js",
        "/35.04ab4c1ad73681a97fd8.js",
        "/35.js",
        "/36.58e177567f58e09c7a70.js",
        "/36.js",
        "/37.7f59efe5ac723bb352f0.js",
        "/37.js",
        "/38.ebe5286a0ad9716c3fb6.js",
        "/38.js",
        "/39.b681427e6fed5cb83177.js",
        "/39.js",
        "/4.54d1be505b517fb8a365.js",
        "/4.js",
        "/40.8e90bb3c807570d91a05.js",
        "/40.js",
        "/41.2e8c85b0d64f1a5d9657.js",
        "/41.js",
        "/42.82b38d9345faf0cd5a12.js",
        "/42.js",
        "/43.77255e5d4da58b953577.js",
        "/43.js",
        "/44.b2b2ecc017ba06948a68.js",
        "/44.js",
        "/45.9b43a033348ceb7995ed.js",
        "/45.js",
        "/46.dc06724d99514147a934.js",
        "/46.js",
        "/47.9288b05fb33f4d16aa68.js",
        "/47.js",
        "/48.5733ea09c42ab0bfea1d.js",
        "/48.js",
        "/49.24e21d67f9df7298f4c0.js",
        "/49.js",
        "/5.ddd0a72185376268a758.js",
        "/5.js",
        "/50.897f643aa8c9feac5632.js",
        "/50.js",
        "/51.f7642a5e3a2cd37c5ae8.js",
        "/51.js",
        "/52.061bda6d701c4be6827d.js",
        "/52.js",
        "/53.1714a44d919b2feb5d50.js",
        "/53.js",
        "/54.6a9d3f0e108f7a91078b.js",
        "/54.js",
        "/55.891f70ebd73b9538b5c9.js",
        "/55.js",
        "/56.668fb479057c338bae47.js",
        "/56.js",
        "/57.17d1ffa46c4fc8ab0e7a.js",
        "/57.js",
        "/58.7436410a89510abcf852.js",
        "/58.js",
        "/59.49674f8d280ceaab9a17.js",
        "/59.js",
        "/6.8c07561623ae990f7d02.js",
        "/6.js",
        "/60.7b668eb06b042b6f4993.js",
        "/60.js",
        "/61.bcb5afdcf97902fee6f3.js",
        "/61.js",
        "/62.51d4878d1f849b940066.js",
        "/62.js",
        "/63.b3168dd9b5df0839d163.js",
        "/63.js",
        "/64.0613bdeff732b72af416.js",
        "/64.js",
        "/65.48eae2f8bee8c64af20d.js",
        "/65.js",
        "/66.7309805cf86e257245c2.js",
        "/66.js",
        "/67.2129e587b797d6aa7d36.js",
        "/67.js",
        "/68.a3fb2e549b2e450f4f59.js",
        "/68.js",
        "/69.fbd235115fec223f94ca.js",
        "/69.js",
        "/7.4c1f6a5ba4ae14c52db6.js",
        "/7.js",
        "/70.ca6f79c3ddb043345b17.js",
        "/70.js",
        "/71.902d6ea1f4d46aa2501e.js",
        "/71.js",
        "/72.7edc726515d3cf37a69a.js",
        "/72.js",
        "/73.e3a0c45dfce40506053c.js",
        "/73.js",
        "/74.80362e2de728c4d5f6be.js",
        "/74.js",
        "/75.569e5de7d78276a6f5a9.js",
        "/75.js",
        "/76.92ed72f8a3f410a9b763.js",
        "/76.js",
        "/77.9aa6e86efb6f1f30a131.js",
        "/77.js",
        "/78.c905d3aade43c4cfc3cd.js",
        "/78.js",
        "/79.6dd950ab26598380d05d.js",
        "/79.js",
        "/8.5deb8afd2d9798907a78.js",
        "/8.js",
        "/80.30932b5a26493ca6ef97.js",
        "/80.js",
        "/81.f3a0830d6503742aa6fb.js",
        "/81.js",
        "/82.4397b61e29ed3bf7a361.js",
        "/82.js",
        "/83.e8f511dd699b5e077fd5.js",
        "/83.js",
        "/84.e7e31138f9e3ba95ae7e.js",
        "/84.js",
        "/85.69b1ff1772d102e23b7a.js",
        "/85.js",
        "/86.af063771598b0f046d76.js",
        "/86.js",
        "/87.6e8688c0ef7f9423c97f.js",
        "/87.js",
        "/88.eb1f95119c96074a8414.js",
        "/88.js",
        "/89.3da4b11810c7b74a01e0.js",
        "/89.js",
        "/9.f486b4823cf007bc451f.js",
        "/9.js",
        "/90.146f94c6332a2a195332.js",
        "/90.js",
        "/91.d58cf00bbdea8651ab16.js",
        "/91.js",
        "/92.fa0efa68eceac45af599.js",
        "/92.js",
        "/93.ff6768528ec670900a06.js",
        "/93.js",
        "/94.be8aa33cf1dd68981474.js",
        "/94.js",
        "/95.9314e74fa3d3ec59b5bc.js",
        "/95.js",
        "/96.0e5367cd7bc1370d69d1.js",
        "/96.js",
        "/97.bca75d3357e9eb67e789.js",
        "/97.js",
        "/98.1c31dbec0da63f3f0c09.js",
        "/98.js",
        "/99.6e890b0d1b255d9aea00.js",
        "/99.js",
        "/common.f2e7ae148c713dfc336b.js",
        "/common.js",
        "/cordova.29dc09fa9fc3a7aeb58c.js",
        "/cordova.js",
        "/cordova_plugins.js",
        "/default~pages-airplane-airplane-module~pages-map-map-module~pages-setting-setting-module.js",
        "/default~pages-map-map-module~pages-notification-notification-module.js",
        "/es2015-polyfills.0115e91e0dcd888f6294.js",
        "/es2015-polyfills.js",
        "/favicon.ico",
        "/focus-visible-15ada7f7-js.js",
        "/index.html",
        "/input-shims-4f0dbb39-js.js",
        "/keyboard-dd970efc-js.js",
        "/main.0e0fa000769890105a12.js",
        "/main.js",
        "/pages-airplane-airplane-module.js",
        "/pages-map-map-module.js",
        "/pages-notification-notification-module.js",
        "/pages-pause-for-me-pause-for-me-module.js",
        "/pages-setting-setting-module.js",
        "/polyfills-core-js.js",
        "/polyfills-css-shim.js",
        "/polyfills-dom.js",
        "/polyfills-es5.js",
        "/polyfills.4601d1912f38da6a8049.js",
        "/polyfills.js",
        "/runtime.845e19e9d1c0f5b379e3.js",
        "/runtime.js",
        "/shadow-css-c63963b5-js.js",
        "/status-tap-0b3e89c4-js.js",
        "/styles.1111446cfb950a11fd69.css",
        "/styles.js",
        "/swipe-back-0a6a44c8-js.js",
        "/swiper-bundle-95afeea2-js.js",
        "/tap-click-252af35a-js.js",
        "/vendor.js"
      ],
      "patterns": []
    },
    {
      "name": "assets",
      "installMode": "lazy",
      "updateMode": "prefetch",
      "urls": [
        "/assets/icon/favicon.png",
        "/assets/icons/icon-128x128.png",
        "/assets/icons/icon-144x144.png",
        "/assets/icons/icon-152x152.png",
        "/assets/icons/icon-192x192.png",
        "/assets/icons/icon-384x384.png",
        "/assets/icons/icon-512x512.png",
        "/assets/icons/icon-72x72.png",
        "/assets/icons/icon-96x96.png",
        "/assets/imgs/airplanes/airbus/airplane-a310-shadow.png",
        "/assets/imgs/airplanes/airbus/airplane-a310.png",
        "/assets/imgs/airplanes/airbus/airplane-a320-shadow.png",
        "/assets/imgs/airplanes/airbus/airplane-a320.png",
        "/assets/imgs/airplanes/airbus/airplane-a330-shadow.png",
        "/assets/imgs/airplanes/airbus/airplane-a330.png",
        "/assets/imgs/airplanes/airbus/airplane-a340-shadow.png",
        "/assets/imgs/airplanes/airbus/airplane-a340.png",
        "/assets/imgs/airplanes/airbus/airplane-a350-shadow.png",
        "/assets/imgs/airplanes/airbus/airplane-a350.png",
        "/assets/imgs/airplanes/airbus/airplane-a380-shadow.png",
        "/assets/imgs/airplanes/airbus/airplane-a380.png",
        "/assets/imgs/airplanes/boeing/airplane-b737-800-qantas-shadow.png",
        "/assets/imgs/airplanes/boeing/airplane-b737-800-qantas.png",
        "/assets/imgs/airplanes/boeing/airplane-b747-400-united-shadow.png",
        "/assets/imgs/airplanes/boeing/airplane-b747-400-united.png",
        "/assets/imgs/airplanes/boeing/airplane-b747-800-white-shadow.png",
        "/assets/imgs/airplanes/boeing/airplane-b747-800-white.png",
        "/assets/imgs/airplanes/boeing/airplane-b777-200-jpn-shadow.png",
        "/assets/imgs/airplanes/boeing/airplane-b777-200-jpn.png",
        "/assets/imgs/airplanes/boeing/airplane-b777-200-shadow.png",
        "/assets/imgs/airplanes/boeing/airplane-b777-200.png",
        "/assets/imgs/airplanes/general/airplane-cessna-147-shadow.png",
        "/assets/imgs/airplanes/general/airplane-cessna-147.png",
        "/assets/imgs/airspeed.png",
        "/assets/imgs/altimeter.png",
        "/assets/imgs/background_1.png",
        "/assets/imgs/background_2.png",
        "/assets/imgs/background_3.png",
        "/assets/imgs/background_4.png",
        "/assets/imgs/background_5.png",
        "/assets/imgs/heading.png",
        "/assets/imgs/loading-1.gif",
        "/assets/imgs/s1/icon_airport.png",
        "/assets/imgs/s1/icon_airport2.png",
        "/assets/imgs/s1/icon_airport2_shadow.png",
        "/assets/imgs/s1/icon_airport_shadow.png",
        "/assets/imgs/s1/icon_fix.png",
        "/assets/imgs/s1/icon_fix_shadow.png",
        "/assets/imgs/s1/icon_latlng.png",
        "/assets/imgs/s1/icon_latlng_shadow.png",
        "/assets/imgs/s1/icon_location.png",
        "/assets/imgs/s1/icon_location_shadow.png",
        "/assets/imgs/s1/icon_ndb.png",
        "/assets/imgs/s1/icon_ndb_shadow.png",
        "/assets/imgs/s1/icon_vor.png",
        "/assets/imgs/s1/icon_vor_shadow.png",
        "/assets/imgs/s2/icon_airport2_s2.png",
        "/assets/imgs/s2/icon_airport2_shadow_s2.png",
        "/assets/imgs/s2/icon_airport_s2.png",
        "/assets/imgs/s2/icon_airport_s2_shadow.png",
        "/assets/imgs/s2/icon_fix_s2.png",
        "/assets/imgs/s2/icon_fix_s2_shadow.png",
        "/assets/imgs/s2/icon_latlng_s2.png",
        "/assets/imgs/s2/icon_latlng_s2_shadow.png",
        "/assets/imgs/s2/icon_location_s2.png",
        "/assets/imgs/s2/icon_location_s2_shadow.png",
        "/assets/imgs/s2/icon_ndb_s2.png",
        "/assets/imgs/s2/icon_ndb_s2_shadow.png",
        "/assets/imgs/s2/icon_vor_s2.png",
        "/assets/imgs/s2/icon_vor_s2_shadow.png",
        "/assets/imgs/s3/icon_vor_s3.png",
        "/assets/imgs/time1.png",
        "/assets/imgs/time2.png",
        "/assets/imgs/xplane-logo-35.png",
        "/assets/imgs/xplane-logo.png",
        "/assets/shapes.svg",
        "/background_1.439dc42b3f7763d8bb25.png",
        "/background_1.png"
      ],
      "patterns": []
    }
  ],
  "dataGroups": [],
  "hashTable": {
    "/0.js": "726e0f05f70ad29e9ebcbd7bd3fdeb78961105fb",
    "/1.36b351bd0025f09f23d6.js": "8cffd5dc582d3a5cc2b8718b284a712b11d770ca",
    "/1.js": "99d472b43d63449b81c36530d0c3cf81aaecae65",
    "/10.9dfc5381b71f20b8d830.js": "97212f876fcf1ba1ba3208e95f6756f596381b05",
    "/10.js": "16ccf44a73c75044cbeb3ba3f7e7a26b71707b78",
    "/100.9455c8d3928d16206e77.js": "b103e9c3165e9b2ec23b190d8261c76b03248bc1",
    "/100.js": "4129cd8a51435494c808debc1a0ea9ce41896531",
    "/101.c8625668f356b64f4eaf.js": "931b176bafdf8c6af5e43193bb1910854503966d",
    "/101.js": "7fc4a28341e02d8854381ba2c2f3da11e088b679",
    "/102.d02d59321c1ab1ca2770.js": "05800d69ddc18cf500012bf0d66eeadaf9adf6e8",
    "/102.js": "097c9e627b8e82e9b77eebd967e8f4a63b71e02f",
    "/103.fde17a22a15aa3dfb54f.js": "581f532c13d4ea2cf4a9c34b5b8aeb6b3c5c87d8",
    "/103.js": "8186dee5070b49a55f3b651283d2006af6e497db",
    "/104.c1ad5717bbbf60da0eb2.js": "868cdd23c10ac3f1909d3397c72be8151a2e8944",
    "/104.js": "25264b04212a0fcd6457dc7528f0a5f43a9e0d14",
    "/105.3795482c4bc06a63c0dd.js": "3fa6f8d6a853b05f58ebd48d5e8924842a8a0d30",
    "/105.js": "fcae3da514b2465bd1cdeb12f96aa23614c36e77",
    "/106.6c0f72754799365f2e13.js": "206bc0cd7df523434eaed32d136344105e7d58f2",
    "/106.js": "5e420952889154a8c2755c75b55d3b843051847b",
    "/107.399bb6a0de1b8ae3af1a.js": "9f17f989ae4928ccd2a7b97e2d825cebe670f526",
    "/107.js": "288cbb78b83abf07829e34920a41274aba47481d",
    "/108.21dc48eaaa8ef57298c0.js": "d867b575c94c9e7504e741d97b3cbb0eb546d591",
    "/108.js": "3e49f7e51c00e1f00d0fb40e70d217562f8a6690",
    "/109.9e72b01ccd2b8d175c9d.js": "aae042a6f7cc13246cfe62a8f59f276c819dcce1",
    "/109.js": "1ffbe33efd13fe3031ab5a2f9a1057a287cd7d0f",
    "/11.js": "3fd19e2ce986b0541187af1e5876681027d95b6d",
    "/110.063454734d033af62608.js": "3080213b4eb7fbc340bbea1411a0abc430fe0c9c",
    "/110.js": "6d6677e9ae97839b7be76d7d5e2b1b1b3c893ecf",
    "/111.293f9b22e16e2f04f148.js": "0e936b5356592e179732790f55b5bbf905f6e12d",
    "/111.js": "40a01fe62c2d9708f9a550c7562403772301af43",
    "/112.87fce610d09978908658.js": "39d3f36eda345211f227c737e6e835de0373f034",
    "/112.js": "90887861bdce2e6267445314a2aaa63022775070",
    "/113.59a14e61ce9df36f6860.js": "a7169d424bfe8cf7764114c57815a8010dc75247",
    "/113.js": "5cd26accb67be0390b03edd28b1108d4e4589bdc",
    "/114.409dd2c4886043dd5321.js": "68fe95cd63342d8dbd4af421eec7cd0387014f78",
    "/114.js": "dc70d5cbeb8520268cc335538cb7fdacbeca4ce0",
    "/115.f331e732f1c7ad53ac47.js": "82e3310239802810f25c481211a77eaa942ab430",
    "/115.js": "b7a43c8d04ed09a5264e31943dcaa124fb78fb43",
    "/116.08d44fc08b783b15b4da.js": "f1b6e1301e962bb5aa51dff36e8663cd21c01b8a",
    "/116.js": "37fe7273ea6e7fcb1b2e9fbcfaf79882dd3e94f8",
    "/117.fe2b28cfcb2faa932f65.js": "2b206475fdf5e25d1c87a772187cc28814387cef",
    "/117.js": "0bf5132c0e2afc149de8758321a4b7d7f3cd2e78",
    "/118.142737723c04e6ea707c.js": "dabbb71564703699916a998bce5a8376f18034e0",
    "/118.js": "da1bb1ef395bc536868ddf06ce983049d531feaa",
    "/119.a943d00d1df7a3832901.js": "c7a49ef07f7edda1d5cb426a6ea6a4b671f77998",
    "/119.js": "98ef66500485f5545af07cc439aa8bd19ab5089a",
    "/12.js": "1c7c8ad3388b69854b3b5f929fb44f5f857aab5d",
    "/120.b3ceb4765df557e009a2.js": "4b9e1cfddc3d44ee7b7f268f47045c216560348b",
    "/120.js": "a90bffb307e3448bf5dc0d4cf535c682eccc423a",
    "/121.37e85e7c71cc93f5c1a1.js": "63668327ce6c1a320b3734d264113c37e50cd62b",
    "/121.js": "0558880d2ce766c66aa57119d07a90c041ae7713",
    "/122.e795a3b5ffca081eb9c2.js": "d1555c6575e080bfdc0e8e8ddf490d910fb56171",
    "/122.js": "44b01c1ea253d01f3be6e38b8513794d55e06805",
    "/123.efbd3b13898b2e004a7a.js": "07d81c8c03fa3a4af855fc814e79a3ebe2b36be0",
    "/123.js": "9268eb78692bc33681f8bd3f67bc0e7799214927",
    "/124.0559de0b5269e06b65d4.js": "0b10be84d2adbeed10b12f01892576fad9a9a849",
    "/124.js": "24335ee87bcc7389963a63dbea8d1ae13662179f",
    "/125.145beeca0803f1c6f462.js": "69f6405d2cf701b8c09c2e2d27b874d35970a229",
    "/125.js": "069f8da9c02868b5f83c9e0ca929a90d1a9e2436",
    "/126.4ed332e802d7b297987e.js": "0ca9970117b7c686e8457f1965fb6746522c48c3",
    "/126.js": "b50691dc7b8a1cc01e45dbc750442725ea1bdfb4",
    "/127.ff39fb6bbc4a1ca30813.js": "3c25ae4454de9c981b158f9c3cad16a9aabaafeb",
    "/127.js": "868eb521bb3357a172f3aecfa46b3069169307cb",
    "/128.4213222fbcf7f111db06.js": "13ad39b405f6fb674d4a9ec6b0e03291f151cd01",
    "/128.js": "29a5a166b308209cbd18ee7f78b0aaa731098208",
    "/129.4e41cebd4ffbf97e95da.js": "e97d94aaa77f43484a5f2f39144be7eeabc4c3bf",
    "/129.js": "98a6fd1877a2814b5460d1d4a3fe492c6371cfac",
    "/13.js": "3aae3703a329b546a48ce3b6f473a3064c6c44fc",
    "/130.84ed81884a4daa6d50d2.js": "70d3c33de15b86776859034935d968c17df548d7",
    "/130.js": "faa68fed9d942b6f9841944c89fdbc7ecfa7fa1f",
    "/131.8211c2bfb18a1abc61a7.js": "f464d15515bb81adcf7b292a5b3881021f8e5c78",
    "/131.js": "2d530981971637b213ea01a379de8fc92f136b43",
    "/132.961824e0bb9be38d22dc.js": "f0ffcbc51fa4cb6c8b2b31110cd1e56ed90834b7",
    "/132.js": "d53149d61dad382d3413186c10dd4c4659d12c2f",
    "/133.2634c8760ed6e867f48e.js": "35629a2bdeeb94608fb03583a9eb3028d28ba41f",
    "/133.js": "7ebdbc4fec896126d767f3f61d15fe5473058615",
    "/134.d48e7fc828789dc6e69b.js": "dbda9f72a8af2fadcb3adace42d8970f705cb6e7",
    "/134.js": "7971373e0afc4899147fb358f50a9e4a9e8b5c2b",
    "/135.e61f199d4c0c771ad3ed.js": "60d3442c872c4eb635d42b40c2f6839826fd9561",
    "/135.js": "6e6e127b02e0e1b86a52044dbc3f4e74a349a74b",
    "/136.4f0e8fa685cc8b77257f.js": "0c46fff728ca6b3f4fedfc09cc6b214c219ef447",
    "/136.js": "bcebb29a24c4e26ff6485494813571eabc794a1c",
    "/137.4da0ce1d583d24f8f49a.js": "67fc15d31223d84a0a643b4fae10b042d8eabbfb",
    "/137.js": "17efc45d154d362c280bff6ac7641ab6b7e85c23",
    "/138.4fd93cf591546792f9f7.js": "67facb74385d101d4583b61e37c05586a18becd9",
    "/138.js": "8416038db473e0640663a813726f1c7759ccbbd3",
    "/139.ec70654288f8b89a9e3f.js": "d4f32d8996433544d508cf324760ec445f69d0ab",
    "/139.js": "c1b1d2d187fb89c8e2e4796b4fcda0cf4debe541",
    "/14.js": "c86cd246b73d5159319695c978cee7ee36f8201d",
    "/140.4810bc3c1b4d81f5744e.js": "77f8763a1314b85f565a20a90662f343477cc86c",
    "/140.js": "b0aca32d50e54dc80de247868c0dde8e11fc91f6",
    "/141.8c0503de5edf10ce14bc.js": "426cbc4675a7a3bf9850b827baf9b1334e672b3b",
    "/141.js": "9c3b57e6c65db8c51ecc9ccf4da11b1ff6dc142d",
    "/142.e22d7de8e55ce0663303.js": "05f2e9ec829adaff44cc24bdff35cdd3e08fc3fa",
    "/142.js": "e3fdf714a4c5848fb224f1ae4507c31af4569f68",
    "/143.1d80206bfdb8db2d314a.js": "ea49a48a9370dae69b960b9d3741aa7d912bbb94",
    "/143.js": "45d34809dd0350839a4c4cd37c09f19f4ad8b207",
    "/144.92e152573b3b67713554.js": "d12a8e616e04f3e9b7b76d9272af5378e4c7a139",
    "/144.js": "cbb2d6d82013f62ef5b23e74deb327384eba5d86",
    "/145.5198567b80f23e4ecd0b.js": "a91cc586e2bd8a51748c63082ef86d4a30281c38",
    "/145.js": "127dc5257d7e30f0fccd8170ac8202ca81932ec2",
    "/146.ac3145d2f098f1bee00f.js": "3fe4be2e7815154f89fb8471a791bb0b3e51dacc",
    "/146.js": "760a9416f31e444d2f1cd2640245d151c954e77e",
    "/147.a609451fec38ca429473.js": "934045aed5dc32cda9cf240f87293acffaf77768",
    "/147.js": "d10797aeb092aa4be837fce584ae2533e09a00cf",
    "/148.b809f374c25875a144f5.js": "05bce7c2fea8a7e663655cde9f1b38de2a7dec29",
    "/148.js": "34632460911526fae445036cd0123c93af03d51f",
    "/149.62a3d9d9b0b70d3bb5ae.js": "1b90c6f05fc1e3d8afbc60f7ac10b157037b4fe2",
    "/149.js": "46e88100e0aa9658d7d11c12f40e1966e5ab1269",
    "/15.c46a13ba76208828d6b9.js": "bade1dc4ff88e636a4207c20271554d5d57395f0",
    "/15.js": "ed28ee6af58f310053676fb9b09ec7950a896042",
    "/150.2010a105de225f8698c2.js": "3cced32ded75e237b39bddd6a5102320358ea473",
    "/150.js": "e91b724ecb5ac70fcb04d7ddb2f3c4b3169d2627",
    "/151.f70aa4e7ca65b259df85.js": "e6190ef73b6a1e9d203d8e45599ca5f7e3327784",
    "/151.js": "d226bbed3f29935965bbb711e73b1a6032fa6dea",
    "/152.f2e3dd511c8b8f399bf3.js": "9a523aa05131f179883bd9896fd423e4807e4b71",
    "/152.js": "40193b4c5859a0ac8006501d4d83aa423a924902",
    "/153.8c66dd9a7fe4b15062dc.js": "87db4447fb478082a1f5fe5c93c43dd0d9266301",
    "/153.js": "fb21bb50082029531edeafa2b53609d79f11b8d3",
    "/154.f556d1f95aa26840e241.js": "9fddb65d3cd0c20d060903ca888bb6b5d4a9a161",
    "/154.js": "181c00d4c4f83d81c5ba6dc4141f437c4504c1fd",
    "/155.7b223b346b6b634063b1.js": "b195ee4d2559313939b916a98f3af2fc914ba1c1",
    "/155.js": "c8f9227e0cb7607a07389fa955673bd2ec406e38",
    "/156.1397ae3c103c0462603f.js": "6a1f7e6c0a3bf89b4a92a567e483e6bed819e4a5",
    "/156.js": "619aca0e6fab5403327a537a743cccaee3d55287",
    "/157.aa6df8a364565d5f04ca.js": "74e9ea2997b7d30ebbdcc0518b2883e54c8e7c61",
    "/157.js": "9bc1872e7c6e501a217f17fb7a41bdc9a163d884",
    "/158.a746abdf678c0f98afaf.js": "9586cf4d28746c235ffdff54d6a8a2fcb6e47922",
    "/158.js": "d8e49e12fca3c13028cd4ffd6af880647eb92072",
    "/159.a97cbbb307a5d79766e7.js": "918b21022ae760b4a550ea8f238cc4b39811439a",
    "/159.js": "0118267962ea7e6a8b8af38032cb884c8eb1f2d8",
    "/16.7956ef4787d4a921f0b5.js": "3f79c83893d17f24055f9b24d3f0f670a4edf096",
    "/16.js": "4f6cc3b7ef13d4523fc35e490700d077cdef225a",
    "/160.dd30b46dc67501382475.js": "f454caa94225e5ad14b6699a06a121797288c7b0",
    "/160.js": "d9382ad25241e014dd7e0221e108d9fbb9297721",
    "/161.d21fbc57cc46256fc62e.js": "dcbb060dab35a8b2d98e66052c56306de4a650da",
    "/161.js": "fa5a6409c5cbf7f9909ee1a81fd70b859285fff2",
    "/162.b5f07121e307e22d7d62.js": "0ca7a447e4e83123e08a2329590a3ee5ba8f097a",
    "/162.js": "bc9cefdde862628da0e4fc7dbd26389feaec460b",
    "/163.13139a1810a3727f2c49.js": "bed923023cf7f3c0a1d30c4487e610c0c4b9eb28",
    "/163.js": "61e8a8ee20e126f6f871265c8ec074afcc19d303",
    "/164.76c9572ec027971b05de.js": "5e27d290922fb5f37ffae8dc6f22dfdfca142c8d",
    "/164.js": "18e15ec696d138c19348c307bc82ae6c06e837fe",
    "/165.fadaa3d69ec6992a0b87.js": "050810a830435722257bae0983c8e6740ee61a3f",
    "/165.js": "44df8871b198ef8ed4de48e80f219fb6219e128d",
    "/166.c6f5587df6789c22a443.js": "65d23c8409658c32823404ac5a145cd87ac6d8f2",
    "/166.js": "1d8e25d30e9d59997073978f71c29408df9885bf",
    "/167.e32a4a9aa0fe4169d421.js": "31aab984ef186af552ea8717856956eef9660a58",
    "/167.js": "796da502db6d469682718ab847f07d9409c1657e",
    "/168.9a38abfe7db67ae8c499.js": "45dc8fe34816ae2ff133174c81585a08d664d196",
    "/168.js": "1623401787e2fdcd8b13e4b94a8de2ecde5bf5b5",
    "/169.25e10c56a30cd1eca8d1.js": "19e3edc70a9ed3ac953e566ada93185ce7ef2206",
    "/169.js": "2f77e78d37a1729774698f6a36c79e474e46b5b4",
    "/17.fb9dfaa21a6ce50eafdd.js": "710a1e8b292dff0b7f08d583a8efe03e219a34fa",
    "/17.js": "2af95968bef55110c122ee8c18dde4ed33c5b377",
    "/170.9396d82bf43b51478013.js": "ccbbc17af6396350f2e10cc1feabea84d9acd04d",
    "/170.js": "550341149114104af1d001aaad67f8f1f14ab840",
    "/171.536de38a14b27b0ce81e.js": "793642daab7d2cd017dcaf75ed7acb47270cfa65",
    "/171.js": "05e87c4d008bcecb3cfa803ed2bb163afd21cdd3",
    "/172.ef0588c0729108654886.js": "964ed5745a995ee019b2c606da0114501fa7bf7b",
    "/172.js": "8b15a776fb10d1033e9772b593e157c427f34602",
    "/173.8a600f09e96b0ceb2630.js": "37bb22661b0bc22c09ff22515bb9468d3beec2be",
    "/174.9d3b4bab60c59b65dcfb.js": "e52b5d3419109f44dfdbda00f0d407d5af4b115a",
    "/175.52b5ab4f6ff214380fca.js": "15d6552fb5c2fdb5046d04032a1ea00dd7ed6d70",
    "/176.0e72cc90d3785128946c.js": "bc56afd5a20df7f78f92f257ce42926b4cd7e4dc",
    "/177.e4970340fbe95407ff5e.js": "35dd13aebf01c7c23331f62d958846fb4cd1c0fe",
    "/178.1723d718f53c125f623d.js": "0ad4a26f25fb9ac07025db247a641dc0dede838e",
    "/179.1f5e483d972ddb3c2cf5.js": "eede2ffe9f28bf5f8c803308f708193d4d5130ae",
    "/18.965c68242855cc5ea3c7.js": "14edf87402ec30ee7af1de7a44451ab153564445",
    "/18.js": "6ef641093123e143d9bd1c884896616b3d909565",
    "/180.5c1ebd3820f89199bad6.js": "f2bbcd82b8de31c7c0ec804302f7fdc2c9f095bf",
    "/181.3dbc44091fda38c86b0b.js": "f3e659220913c8e20600db2a32b8e9c44624b975",
    "/182.cc42c42eab310833c770.js": "8ec2598472825182629ca8b1ce94ba79f0c37cd4",
    "/19.f0872a52bd85f5b9a10d.js": "a057201a3cd589233c2c66e800cddf435c1ebbbe",
    "/19.js": "8e4ac80ebf04a7a91fa9779c940f3767fdf81a85",
    "/2.92164f8ead411808a96b.js": "6cb34644fa67cffa494a44a37446eba38f9b8ce2",
    "/2.js": "d31a239995f5c670b9f3f802832d4d4d445fba17",
    "/20.85f103863d83c3f32a03.js": "ecee0d3bfb3fb84941869b30e7b8d0e8690163bc",
    "/20.js": "958f4a60419442e5576cbc9e6562aa75304bbe38",
    "/21.417bcf92e1abdfc3095c.js": "31e897f0a51047042d803a690025e4ba93b53f18",
    "/21.js": "4536d25db80cf0c28d4e3933e667b8f927d0c314",
    "/22.f9ae43ea068cd8430659.js": "b63928c239b508a6f9262f07b2588e3fb0eed053",
    "/22.js": "eafcb30b54bc0ef9bf615f307d57ecd75453c76d",
    "/23.3675c3ac9b699daced76.js": "4432f75934c5444ca6a94c2fcfec3c121a39a35f",
    "/23.js": "9958e2a66925b642348fe7e951bd3d0e4fcc2f6f",
    "/24.068a0440bf51dd81ee3c.js": "7fba47a5611fc265271e26fcbcc261f8885c5b2d",
    "/24.js": "a37249e4a28b940614e66f47a03979e1f8538121",
    "/25.22a45a7860fe2c04481f.js": "a7ca167b4af150fad118d10d7a0ceafd35a6eca4",
    "/25.js": "f1e6c9950f476e49a25132b242f916cc14369295",
    "/26.709caa3299940ed0c80f.js": "8843babf0d4a27323615f353a7520ce0bec18c9f",
    "/26.js": "369aa8f1ca582d8b57687a2db26ba9d508203517",
    "/27.45ecd992fe4be83cd4c8.js": "6791e43e65761ecd4fcceab1e3be200a75154ef3",
    "/27.js": "9a3dddce08ee2742fb6cce3b8b1122724f35c205",
    "/28.cc1baa760deb2fb314f1.js": "787a6c9960b4acbb0bf1e31c523b3de500c3a70d",
    "/28.js": "7ac2c813a5d1c30c75fc5a789f486ba8561ce09e",
    "/29.a901d7e65663faebaddc.js": "40b30313b053db06f12278ce45e0dc7fd97bc6af",
    "/29.js": "ede719531a6e81c743eef7c301079d1f397e009e",
    "/3.js": "2cdcfb24913b8404577cfe92d0e0e78378b7b72a",
    "/30.97786ff5f77f442f76a6.js": "cc0955c47d23ad305a15dd484f622892b7ae604c",
    "/30.js": "c29968342d3b05b7334782ab5fa4fc3f20fbc91f",
    "/31.9382801b9b5152dd0982.js": "cc7397e1c6a63f283c80dd3959e96790174e8e29",
    "/31.js": "c3e63bc0d9df1e15aebda95953866f152307f9e8",
    "/32.ad068b30c3772ee2216b.js": "01467d29641b25b6a45a728533c4352a2c28c3f2",
    "/32.js": "c1904aea91fcd7107c113536123f1418555d7f28",
    "/33.6cf74ea2dcc87c4f2b08.js": "6cf642395e4814cb159d2fe90c81a8ba140d3e0d",
    "/33.js": "b741ec49a3f4c48c0a2ab5d7857b94bbc322d587",
    "/34.06f34629e710dcf54035.js": "39badae68b71ea2689369ac9e6e74abdf2c3aeaa",
    "/34.js": "96b4733106a0d901789ccbcdb3a532a4cad76796",
    "/35.04ab4c1ad73681a97fd8.js": "3d186b118ab912a1d6d319355712746c1ddbeac3",
    "/35.js": "78fd2b0f551fb9716169b8066ebfab9e086e5982",
    "/36.58e177567f58e09c7a70.js": "58e660645591d5a7e09247ce2b5164e6580dc3f8",
    "/36.js": "ac30c1446f8cc02db09e38720e12fe28000325d7",
    "/37.7f59efe5ac723bb352f0.js": "3f5e1a1d1c3891075ca496aa1fe4ef6569f9659c",
    "/37.js": "884b9675df69163cb997926a2f41aa8d34bd0b56",
    "/38.ebe5286a0ad9716c3fb6.js": "c7a87e7dc9ee087454cb7b4054e5bc0569edb4b8",
    "/38.js": "68ab5f2da252c638ed78330930c69faf9ccfe406",
    "/39.b681427e6fed5cb83177.js": "1b8ac8beedf467389ce65a25cbdf17d5d4ee365a",
    "/39.js": "d84ff2662ecc59612dcb46e7348fa8799a0d2b6d",
    "/4.54d1be505b517fb8a365.js": "75d4cc28cc5bd65c427b6bcc9868020700a9c83f",
    "/4.js": "8341f66d5bcdf74c5d56fbd48ee248c413580219",
    "/40.8e90bb3c807570d91a05.js": "1817671cf3a5b8def8d1bf0621da20b80477e9b1",
    "/40.js": "995ca93d51fb1100a4c78bee5d2c427d59e54bde",
    "/41.2e8c85b0d64f1a5d9657.js": "4a3eb2af202f60c608777871ac7aeefec3849dc5",
    "/41.js": "c09840a8a2127e2923ec2d1e4ed12f8d5c748b12",
    "/42.82b38d9345faf0cd5a12.js": "be14389d0cb78d22e641833621bb2a13794b5bf4",
    "/42.js": "8809f79060ea306648e7c120b0e8dccf150bc03a",
    "/43.77255e5d4da58b953577.js": "721d0367d9303aa6b6540cf8ef21f4acc4ddf0d9",
    "/43.js": "1ebef2ac6e8c2cd8ad064b4a77ddef7fee2bb082",
    "/44.b2b2ecc017ba06948a68.js": "9328b287cd1dc2367ceb248307699d0ec7da0459",
    "/44.js": "2c0c902e85811d6ac72d6c837516552e5ac031e3",
    "/45.9b43a033348ceb7995ed.js": "eda9bcf5670ce467b07ff1dae317536f661e0f80",
    "/45.js": "eab34a266ecc5f9b6ae4f70e8f577740de17f414",
    "/46.dc06724d99514147a934.js": "3077fb2cfbc385035a97516c68dcbfd93f83c965",
    "/46.js": "913d05504e7d64ef6cc7610200d684472f7693a7",
    "/47.9288b05fb33f4d16aa68.js": "0abe8d463f02bbaf618d1dae91daf0f185c36536",
    "/47.js": "2c571f3ade4c364d493a8f39173c040dde78e174",
    "/48.5733ea09c42ab0bfea1d.js": "ae6729842b306ac9a837a19ca707956c53fcee0f",
    "/48.js": "c75ff708709b0266c009a4c99a2c0d2c0f2e860a",
    "/49.24e21d67f9df7298f4c0.js": "f81e51406250eaa31aa2479050b0c705a51a08e6",
    "/49.js": "9b9a2f868a53f868fc94747c518bb8d59abb31e7",
    "/5.ddd0a72185376268a758.js": "1f3590079d9a42f7d68cc3a377c685d0847cdf6d",
    "/5.js": "8782cf75ce0e84d13013e455930359e7b5364ade",
    "/50.897f643aa8c9feac5632.js": "adace7bcdeb2b66ccf4e71de56aa88e636a5e21a",
    "/50.js": "3e8eb3a0234bd8c52e8790af06aac654c24c8a50",
    "/51.f7642a5e3a2cd37c5ae8.js": "123539b6718625b6196659e9d27d43114ceff28d",
    "/51.js": "f351518b30486a6802e7a907567f195cb09d4d66",
    "/52.061bda6d701c4be6827d.js": "5be6be03c52c20db472f8af4f887616f657cc42d",
    "/52.js": "3e8524ba10a5a7cabb67724891dc8d06d6b19f1d",
    "/53.1714a44d919b2feb5d50.js": "9f77b9a3a625d9a9a782d9aaee831a39f2d91239",
    "/53.js": "e2f781fec339198fd1adf799376c11a7e3517f5b",
    "/54.6a9d3f0e108f7a91078b.js": "171b820abc42976cbc379a8721e0c35af0985641",
    "/54.js": "3091b246c8c98e09b933d077e765fe2641889a1a",
    "/55.891f70ebd73b9538b5c9.js": "dd9d40cb8dd424e259a9ec0511acdf668b77c4ec",
    "/55.js": "4fb75d7ce5213b7f2630c399f5bfbf52bfc5590d",
    "/56.668fb479057c338bae47.js": "0bd9da5523f5d696d1e55609cf07456b081dccfb",
    "/56.js": "fd459d25ddaba68dc114b01a05a4c4c910450016",
    "/57.17d1ffa46c4fc8ab0e7a.js": "28edc220471ce4007b3d8cbb31754dfb9886eb00",
    "/57.js": "9a2cc7014a38dc4e29ed90d06ce546dc0a6d7924",
    "/58.7436410a89510abcf852.js": "1a0c629bcd392078ebbf0294b4b50cd5e03d7693",
    "/58.js": "ef6aa6ef49902e0c3d549e56b1ff231857d6f4c1",
    "/59.49674f8d280ceaab9a17.js": "4626c1ab8a6e20fe2fa5c8a6b0305e04fa7b0ade",
    "/59.js": "afdd7d704a751e1a3f3119326ea28240b4247fb0",
    "/6.8c07561623ae990f7d02.js": "f9f39a41c4d3bebc5cf382d1dc874694c4d1049d",
    "/6.js": "00315814ac88e29d99aa28b4050cba39db927f58",
    "/60.7b668eb06b042b6f4993.js": "477bcd2566d0474d59217191d6c00bd7deae6a45",
    "/60.js": "1f32a960001e51447f0a9d2d9b68fcc467c15d4b",
    "/61.bcb5afdcf97902fee6f3.js": "ece2cd2993fcf593cc10f20d346f4bacb12cff19",
    "/61.js": "f76fe777912b0ab9c211fdd5319e912033152b31",
    "/62.51d4878d1f849b940066.js": "539366cea1c6814b92c43be3f782f4f9dcaa53d8",
    "/62.js": "36c4d30786f34187d578ae8a3041612f38140850",
    "/63.b3168dd9b5df0839d163.js": "42d087bd0e36be8e8fc0dc1ed1e7ab94a6bb2dd4",
    "/63.js": "0323cd8b79a3363524fb81276f11ce96ab9e1948",
    "/64.0613bdeff732b72af416.js": "36cea293cf1b482aff4113e15dd10cab33622727",
    "/64.js": "81a4c8f9587b84b6bc3948a6f5ff9eee51e7d7ff",
    "/65.48eae2f8bee8c64af20d.js": "9f9a19f3740e7540eb2e9b487c68c4c3dd99dd1a",
    "/65.js": "fff01500800738f660e744b1b4551aa6c310ec6c",
    "/66.7309805cf86e257245c2.js": "fce99c10f1e71b31e666e39fe1ed49aaf15eb94f",
    "/66.js": "7c1536322729cd5a2bfd83e9c36eb7676f66afd6",
    "/67.2129e587b797d6aa7d36.js": "62897a939e02f698a8012b6d0c2ccc95977187b6",
    "/67.js": "c6d0fc6c2bd5ff0da1d137204a9aa22ffcec7f05",
    "/68.a3fb2e549b2e450f4f59.js": "ccf2eaf9954a7b4160dcb0541956f9f9aa304b5e",
    "/68.js": "bfa5de931cc3329e5f38e67271824f54c1dc3213",
    "/69.fbd235115fec223f94ca.js": "a970baf9eb3e49af24624fe3c56f61b8bfb71bd7",
    "/69.js": "a15ef8c834c68e0004df2b44c4e295ec088c0919",
    "/7.4c1f6a5ba4ae14c52db6.js": "2aa5b311299e9b666aac7a1ecc866ab62ad5aa8c",
    "/7.js": "f2912ce3a66e29b9f6ba0859ff47971ba21ec5f3",
    "/70.ca6f79c3ddb043345b17.js": "2b8676df11e1e28354da5860a98de1d8e58d600e",
    "/70.js": "9848e976ec42406acb57b2c16b9e8e4d572249cb",
    "/71.902d6ea1f4d46aa2501e.js": "929a113217222257f9479302711eaf698877c229",
    "/71.js": "41ddab69c817223a6334ac3267c29bff251b9f16",
    "/72.7edc726515d3cf37a69a.js": "95bb5ba88efde21bc211601c2b3f84dec6d82e6f",
    "/72.js": "04ae28b94bb42b4ff7724d7b904f59fd451cef88",
    "/73.e3a0c45dfce40506053c.js": "5cb321ca912ac85156921d9916f2500872d93671",
    "/73.js": "595d2155f589e0238c1af30e09f2c3fda2870920",
    "/74.80362e2de728c4d5f6be.js": "1e72f2084e186f40702e3fe443d5e9d0b7fc616f",
    "/74.js": "5b8133ef4003944c9589740d58ed0c19f472979b",
    "/75.569e5de7d78276a6f5a9.js": "de7d420edf1a09faffdea106a118d958ee238f11",
    "/75.js": "cc60e917fd4c110f0c2d396340f9b1b8afae0a83",
    "/76.92ed72f8a3f410a9b763.js": "0270f85be7630c8a21b787e853104e92442d6667",
    "/76.js": "7aa9a1009ce92b9475d78b3afe3291908b11a370",
    "/77.9aa6e86efb6f1f30a131.js": "fd7cd7edbb92a8074f97333aae694a72c6471d1e",
    "/77.js": "26bda6b9861235bff328ecd001508f3bcc05def7",
    "/78.c905d3aade43c4cfc3cd.js": "235e178dc011722fa884a9c22a19499e9ec4fd6d",
    "/78.js": "bce65fd114fe9ca7467e8c665336d397d6525d6f",
    "/79.6dd950ab26598380d05d.js": "d73b6cce5964f5365b9c42e450d93d9479e9e322",
    "/79.js": "aa8d28333d5678e5174f18abe847ffeec01c55ae",
    "/8.5deb8afd2d9798907a78.js": "e9e8b94bc8944cde339ff065d97340a8fe6c1da6",
    "/8.js": "bc12d557c213c4bd12998de957d4c22ab46f11d9",
    "/80.30932b5a26493ca6ef97.js": "0324ce027933d41c721934d1c0714a150ab433bb",
    "/80.js": "738a695fd915fc3a80ea280e320b252890bc2b18",
    "/81.f3a0830d6503742aa6fb.js": "7858e5e3e9bba42f64c9e8144d88121f1809c0f8",
    "/81.js": "48ee0bbe82f540a163d219b936b8139cd552bde2",
    "/82.4397b61e29ed3bf7a361.js": "cc89b69d49c8e817b7ac95a62fa82720f35d64e5",
    "/82.js": "067c70333c8a0bb96099ad739f932b5ec8ed096e",
    "/83.e8f511dd699b5e077fd5.js": "88bfd4ad7b61e5dac24a8beca0662d86e97f485b",
    "/83.js": "8d9086c8147ba6108e926ddd5515f8abd8188851",
    "/84.e7e31138f9e3ba95ae7e.js": "f04b2abc0ccc927f932b0815ca65d87b326b468c",
    "/84.js": "290a2a3a4876b989b96b7184dfd72279a4405b39",
    "/85.69b1ff1772d102e23b7a.js": "14614e872957ce3da7bc0ae574ce28a3088bc578",
    "/85.js": "beacc0ad7e23e206cda5d5587506950e3a5570a0",
    "/86.af063771598b0f046d76.js": "7baaa8e1b881f868c5219de5bee34ce9794c1fa6",
    "/86.js": "53e6b39a80df586db92280803c32c21d4be9bdb8",
    "/87.6e8688c0ef7f9423c97f.js": "13009e283bbba205cd4e5c8592e2d9a697802c82",
    "/87.js": "ee963ef09933e4eb6c1a34cf6c14e63af55ed971",
    "/88.eb1f95119c96074a8414.js": "218ef9a5db6543c4e74c296a4ddfbb8a1e96a31b",
    "/88.js": "d6b00d8dd994fb23326fe9fe13bfca47c4cdbada",
    "/89.3da4b11810c7b74a01e0.js": "909204a3bcc38950f357c5917d95f8e5fb3e2eb4",
    "/89.js": "d7a5e7c95461b2e9f4564f7a40056d0c4b84a503",
    "/9.f486b4823cf007bc451f.js": "3b6762ccd564cc3baa8b5ff1bceb02665bd8f708",
    "/9.js": "f02f59925a4dd63e774148d5d8e6dfab3b1a07f3",
    "/90.146f94c6332a2a195332.js": "ce08e24e8269d7dc1fef8361f1951d1781ff2f58",
    "/90.js": "a8495e11966c85cc746c522449b8252a84ab62e9",
    "/91.d58cf00bbdea8651ab16.js": "e7da97428eb6a8e2ea17975b0036d6686056b3fc",
    "/91.js": "bb4a8efad0fc454af61c32bd221a50067787bcb1",
    "/92.fa0efa68eceac45af599.js": "dba2b9904d67af754a1efcb6a6be36fc8d01f9c3",
    "/92.js": "75a3562bb5735ce2214d21efb7ab497afbcda0d5",
    "/93.ff6768528ec670900a06.js": "7f3cd580474701c0413fdc9e0d059854af2e8cb8",
    "/93.js": "b1b0a2284d708b658414cbebb24f266aa02f728d",
    "/94.be8aa33cf1dd68981474.js": "7d80b4c4256d088579f5ec2969911a097a31545b",
    "/94.js": "fa745def4fdc90f66d32dca280fff56376c7ac9c",
    "/95.9314e74fa3d3ec59b5bc.js": "7f2a238eed01b3562fcdf2faa3466e9c1b35ec95",
    "/95.js": "c647effdb9019ed3933cc90a77290ef45772af62",
    "/96.0e5367cd7bc1370d69d1.js": "3e9a5b6bbeeafb28005db4265550dc2d12ababf0",
    "/96.js": "77d8386d199f820ae5e4fc627d460215ab023ac0",
    "/97.bca75d3357e9eb67e789.js": "50b36c2a9b5c309150a8a0a709cdf4f490e443d5",
    "/97.js": "e2fcb03b477816b92029de6a9c605d923ae37a5e",
    "/98.1c31dbec0da63f3f0c09.js": "1838cb8ab251b08934b877089d86afd8d99f04be",
    "/98.js": "8ffd36f36b9a6549058b9ec45cd487f04ea3410d",
    "/99.6e890b0d1b255d9aea00.js": "046fe40002d101c9b13e3f714e2e230b9342760e",
    "/99.js": "35d625e68b361b3138e113a4ba2cc29e0c69a4b2",
    "/assets/icon/favicon.png": "7798b8e0eb61d7375c245af78bbf5c916932bf13",
    "/assets/icons/icon-128x128.png": "dae3b6ed49bdaf4327b92531d4b5b4a5d30c7532",
    "/assets/icons/icon-144x144.png": "b0bd89982e08f9bd2b642928f5391915b74799a7",
    "/assets/icons/icon-152x152.png": "7479a9477815dfd9668d60f8b3b2fba709b91310",
    "/assets/icons/icon-192x192.png": "1abd80d431a237a853ce38147d8c63752f10933b",
    "/assets/icons/icon-384x384.png": "329749cd6393768d3131ed6304c136b1ca05f2fd",
    "/assets/icons/icon-512x512.png": "559d9c4318b45a1f2b10596bbb4c960fe521dbcc",
    "/assets/icons/icon-72x72.png": "c457e56089a36952cd67156f9996bc4ce54a5ed9",
    "/assets/icons/icon-96x96.png": "3914125a4b445bf111c5627875fc190f560daa41",
    "/assets/imgs/airplanes/airbus/airplane-a310-shadow.png": "9227b0d1b273a31f157d7f53fd756598415afebb",
    "/assets/imgs/airplanes/airbus/airplane-a310.png": "d74ef75c79b25231fcc5f92c236025de7b1217f0",
    "/assets/imgs/airplanes/airbus/airplane-a320-shadow.png": "ef78ecbc6e48a308946fc20d9e43e21a73934798",
    "/assets/imgs/airplanes/airbus/airplane-a320.png": "88159485c757fd3065c22b7711f56d3f33296ee1",
    "/assets/imgs/airplanes/airbus/airplane-a330-shadow.png": "ead0f575e4704665176628625750beae2ed5f7b7",
    "/assets/imgs/airplanes/airbus/airplane-a330.png": "9e0c51fb2b2c018b91a587cf8eae657053d773c1",
    "/assets/imgs/airplanes/airbus/airplane-a340-shadow.png": "539ae90169b0f523dba8cfe1a5ac5f8cf888e385",
    "/assets/imgs/airplanes/airbus/airplane-a340.png": "bba9661c1c6dc1c67017d5264388643b831743d8",
    "/assets/imgs/airplanes/airbus/airplane-a350-shadow.png": "eef3f15235f8cba8726652cfdd489c1cd124a158",
    "/assets/imgs/airplanes/airbus/airplane-a350.png": "e9679dcc7bf17640fc6fa682788daf1733eca435",
    "/assets/imgs/airplanes/airbus/airplane-a380-shadow.png": "78c47d094cc8065dec2c72b70a5d033f9de21ff3",
    "/assets/imgs/airplanes/airbus/airplane-a380.png": "12da03b9f6b7b308dce9d6e02eab3da405434101",
    "/assets/imgs/airplanes/boeing/airplane-b737-800-qantas-shadow.png": "edd03728671f89a3829558006468ba42ba733978",
    "/assets/imgs/airplanes/boeing/airplane-b737-800-qantas.png": "89204e5ca80cb6c5a28b627fca719c8658461dd6",
    "/assets/imgs/airplanes/boeing/airplane-b747-400-united-shadow.png": "bc6b37fbf276d81004148810a21161d101f6a4fb",
    "/assets/imgs/airplanes/boeing/airplane-b747-400-united.png": "778b8757635502443a0013ebec3bc32b1c201b1c",
    "/assets/imgs/airplanes/boeing/airplane-b747-800-white-shadow.png": "c7b5cf0e244f3608c4cebd3ee211f1d75844ec2f",
    "/assets/imgs/airplanes/boeing/airplane-b747-800-white.png": "d7d0c44f0cad5dc7789c9e2112ef0acce14afa96",
    "/assets/imgs/airplanes/boeing/airplane-b777-200-jpn-shadow.png": "258030113e12847b479303f26ff524875a58d332",
    "/assets/imgs/airplanes/boeing/airplane-b777-200-jpn.png": "571ca1979e8f4eb26d094bd0035ea588c90ecb16",
    "/assets/imgs/airplanes/boeing/airplane-b777-200-shadow.png": "82ed62c722e728764971c0792f934adfc11ecac1",
    "/assets/imgs/airplanes/boeing/airplane-b777-200.png": "10e8b12f8b65913dc489eed08a52f6c2b60042b5",
    "/assets/imgs/airplanes/general/airplane-cessna-147-shadow.png": "67b1705cc697fe368d04ff32041862e963c0774e",
    "/assets/imgs/airplanes/general/airplane-cessna-147.png": "3ed32571fe28e590a5e4e66a5d23517e21a7c070",
    "/assets/imgs/airspeed.png": "6057266fabe37b25bcf7f47d96b381b139c5575b",
    "/assets/imgs/altimeter.png": "75166a8acfb7527daeb7d85fb3a5f67c23f4a77f",
    "/assets/imgs/background_1.png": "fc1d1b846e293da7b8dadd4ef2c2648954768850",
    "/assets/imgs/background_2.png": "ea02401f2c8bbc387f1420a6ee9635942f106884",
    "/assets/imgs/background_3.png": "ebeadaf6f265b8a0499e21bd8127f257ee40e28c",
    "/assets/imgs/background_4.png": "4185233ce770caf59f2fe44e87e6f3dd8ed2bfb3",
    "/assets/imgs/background_5.png": "1a6ef42db7908e9e2f28b29aed4db9178683ab54",
    "/assets/imgs/heading.png": "44fb2afeab86bbad84cda8a43b4f34203f5f0e98",
    "/assets/imgs/loading-1.gif": "628a9066282a7f7425432df861b2a95736bb31e6",
    "/assets/imgs/s1/icon_airport.png": "aead5da4f8e81402e74d0729c1b733957455cd27",
    "/assets/imgs/s1/icon_airport2.png": "4d8daa032dc48407e57f0545d80a47084e301617",
    "/assets/imgs/s1/icon_airport2_shadow.png": "54019dc4b39e24c9d0162aa476c0fadb83af45cb",
    "/assets/imgs/s1/icon_airport_shadow.png": "6cc65ae667b3f1bae6094b1afd30b03aefa53a3a",
    "/assets/imgs/s1/icon_fix.png": "b0d759a0a63d22c7319e711666ccc454473128ae",
    "/assets/imgs/s1/icon_fix_shadow.png": "81749119f567891f6f32c42e0bf408a7aa816bd7",
    "/assets/imgs/s1/icon_latlng.png": "7e695adb72e84d179b27f4b6e25583e1edcc3e03",
    "/assets/imgs/s1/icon_latlng_shadow.png": "70e8870a296d84391e30cf35c101303b7e08d198",
    "/assets/imgs/s1/icon_location.png": "518788c170c444251155053e567ea724e482162f",
    "/assets/imgs/s1/icon_location_shadow.png": "3466880ff861a2f52fd14828a081e4af4caf66ea",
    "/assets/imgs/s1/icon_ndb.png": "f3cb83ca2886359e19a89e78a094c4477dc44de4",
    "/assets/imgs/s1/icon_ndb_shadow.png": "582df98d636e75d844616a8a089709dcbe907645",
    "/assets/imgs/s1/icon_vor.png": "03c6370f714d4d4c82d97381e4c21645e1aa8c49",
    "/assets/imgs/s1/icon_vor_shadow.png": "a042013c615d1017706fd4027e9f40e73a6479b7",
    "/assets/imgs/s2/icon_airport2_s2.png": "11875166f4ea93f19aa733d89bb860320b597f13",
    "/assets/imgs/s2/icon_airport2_shadow_s2.png": "0edc67497a42463a212f43ab5a12840bb885b48f",
    "/assets/imgs/s2/icon_airport_s2.png": "ece1185430b6ebad9a74ee5ac512fa52309a71f3",
    "/assets/imgs/s2/icon_airport_s2_shadow.png": "66bcfd8ffe924849381c7b437c2aac098ec8d074",
    "/assets/imgs/s2/icon_fix_s2.png": "a395ad47b97d5d757bf295fdc79479ca7fef3ee4",
    "/assets/imgs/s2/icon_fix_s2_shadow.png": "5961fc63ca4e037d9d36ab8bd2b93566f626ba7f",
    "/assets/imgs/s2/icon_latlng_s2.png": "ebaa11dd42893bec6d657344b4ede40eb8c29283",
    "/assets/imgs/s2/icon_latlng_s2_shadow.png": "66757bd9af6fae6f14550c3b7ef0a0a0c73659dc",
    "/assets/imgs/s2/icon_location_s2.png": "d9cf82cfc59fdfb88707483341bc4d1a84591a2e",
    "/assets/imgs/s2/icon_location_s2_shadow.png": "f5df5691d6881ac08e73bd44b617b43c0ae42f0f",
    "/assets/imgs/s2/icon_ndb_s2.png": "9af1907ef30409d184c30061a2f49837fb875962",
    "/assets/imgs/s2/icon_ndb_s2_shadow.png": "19f958c5f74123defcb9ef6030cfebea47847528",
    "/assets/imgs/s2/icon_vor_s2.png": "421bb1f69e57c787d126ade6dc596d09084cb076",
    "/assets/imgs/s2/icon_vor_s2_shadow.png": "a561937649e02dad91c574de9040cdca90c3f221",
    "/assets/imgs/s3/icon_vor_s3.png": "9d676cf630732dd4fa0a4089f05e8e7e3ed5c6c1",
    "/assets/imgs/time1.png": "db5722c774ee769915b11c477d258a8da8ecd514",
    "/assets/imgs/time2.png": "579e21d6e057714ea0496ca9f750e307ca6e7676",
    "/assets/imgs/xplane-logo-35.png": "2ca047408fe9f92924cc9e231a96be95dfd83bc8",
    "/assets/imgs/xplane-logo.png": "1a32cf58f4dfb5c1c887fc2fab0618e3f6b7717c",
    "/assets/shapes.svg": "5413e95adabcb2cb639970051f55e0ddb64ace53",
    "/background_1.439dc42b3f7763d8bb25.png": "fc1d1b846e293da7b8dadd4ef2c2648954768850",
    "/background_1.png": "fc1d1b846e293da7b8dadd4ef2c2648954768850",
    "/common.f2e7ae148c713dfc336b.js": "9b36e8bc0ccdae540e2ded5a8daa73a663f352f6",
    "/common.js": "c8ee466f0743b0fbfbe16e57a32ce903632d8a07",
    "/cordova.29dc09fa9fc3a7aeb58c.js": "520aa27e96210efc52423c771b4d820a5f7ca14e",
    "/cordova.js": "cac7e8dfad5ad180430abd13873fea475dcad328",
    "/cordova_plugins.js": "7a74cdbd210413b8d1708fafa526c29a0a167b6a",
    "/default~pages-airplane-airplane-module~pages-map-map-module~pages-setting-setting-module.js": "d61a0d26a569c92d5edb19269dd92ba04dbc24ab",
    "/default~pages-map-map-module~pages-notification-notification-module.js": "0e924c04c16aabc0d0442f8d5edbca242ebce3a1",
    "/es2015-polyfills.0115e91e0dcd888f6294.js": "408e46c6ffd83de03db205657b27640383ab2656",
    "/es2015-polyfills.js": "11b559c1c6d1c267c37baaefe18cfd2758e1caa0",
    "/favicon.ico": "696dfbca3c3326f3a7832c34da7188bf98d59dbe",
    "/focus-visible-15ada7f7-js.js": "a9786c1baacbd5584ebdb1c54bd16d66061ee60f",
    "/index.html": "aa53e5ad2721475b83757c1457b4a8491899213e",
    "/input-shims-4f0dbb39-js.js": "3a17daaafba8269270fd413768bb0dcfad1fd609",
    "/keyboard-dd970efc-js.js": "90c5bd4f384317be792188a2c095f274fc18da19",
    "/main.0e0fa000769890105a12.js": "6deda5b1a9393eeb880fe054d25a49621aecb40d",
    "/main.js": "8a4f14db1ba21b072c111e800a3ccbee0a64501c",
    "/pages-airplane-airplane-module.js": "995a9c8c862a8f2ff7985be5a8f2b711df045b00",
    "/pages-map-map-module.js": "18d7216b3bcc7f38c89a58b4aae28dedd0fb03c1",
    "/pages-notification-notification-module.js": "2b046cdaf1d04613a8cc1007081eede28c69f8ae",
    "/pages-pause-for-me-pause-for-me-module.js": "04d6f8159398b986ce01c796d26d438b8edc2814",
    "/pages-setting-setting-module.js": "84b448d348788221cda2834d1c2864bdfd7ccb34",
    "/polyfills-core-js.js": "6f6ff2245303c313bdb45bae8c1ddb71b764880c",
    "/polyfills-css-shim.js": "9721d5a92de6a3ca84ef829018fabca85e4b1e00",
    "/polyfills-dom.js": "e25152129d4b4eb603f81431141ee11a67123cc7",
    "/polyfills-es5.js": "0d88ed719c2b3efa0149461f629ea104359b1d68",
    "/polyfills.4601d1912f38da6a8049.js": "c074fd1d16b652071357644b9e998eefd900e9c5",
    "/polyfills.js": "fcbde09fa1236c143ad589324e69413ecdb7876b",
    "/runtime.845e19e9d1c0f5b379e3.js": "ffc6a58823ec3e704451d6118ddac8a2d981c05d",
    "/runtime.js": "8bfd2f94e0ad60d6efcc07a22c9183f964bc3f0d",
    "/shadow-css-c63963b5-js.js": "4cfda367354378dd65b92002853d494489fd99af",
    "/status-tap-0b3e89c4-js.js": "5f0cf1c33acd29ff95cd34a6014f38a57f087c79",
    "/styles.1111446cfb950a11fd69.css": "969e838c6acf0b657659766b3ce13a7084d8c3b5",
    "/styles.js": "13e6964e9ed2352452b0387a80ca028f5785b5f8",
    "/swipe-back-0a6a44c8-js.js": "ba41e37f79218d1a2562af62ced16cecd63ec892",
    "/swiper-bundle-95afeea2-js.js": "b5c8940c99895d17a85c31afaa6f9792bd44af14",
    "/tap-click-252af35a-js.js": "e28a5be1bbce9ca39eed5734a6f2b3073641e322",
    "/vendor.js": "9ef2134e14a833d93bd1dc80b42702f07d112f22"
  },
  "navigationUrls": [
    {
      "positive": true,
      "regex": "^\\/.*$"
    },
    {
      "positive": false,
      "regex": "^\\/(?:.+\\/)?[^/]*\\.[^/]*$"
    },
    {
      "positive": false,
      "regex": "^\\/(?:.+\\/)?[^/]*__[^/]*$"
    },
    {
      "positive": false,
      "regex": "^\\/(?:.+\\/)?[^/]*__[^/]*\\/.*$"
    }
  ]
}